id,reddit_id,title,content,author,subreddit,score,num_comments,created_utc,url,is_promotional,collected_at
9,mock_post_4,Mock Post 4 - Python Programming,This is mock content for post 4 about Python programming.,mock_user_4,python,14,8,2025-05-23 08:07:11.604024,https://reddit.com/mock_post_4,False,2025-05-23 04:07:11
8,mock_post_3,Mock Post 3 - Python Programming,This is mock content for post 3 about Python programming.,mock_user_3,python,13,6,2025-05-23 09:07:11.604022,https://reddit.com/mock_post_3,True,2025-05-23 04:07:11
7,mock_post_2,Mock Post 2 - Python Programming,This is mock content for post 2 about Python programming.,mock_user_2,python,12,4,2025-05-23 10:07:11.604019,https://reddit.com/mock_post_2,False,2025-05-23 04:07:11
6,mock_post_1,Mock Post 1 - Python Programming,This is mock content for post 1 about Python programming.,mock_user_1,python,11,2,2025-05-23 11:07:11.604014,https://reddit.com/mock_post_1,False,2025-05-23 04:07:11
5,mock_post_0,Mock Post 0 - Python Programming,This is mock content for post 0 about Python programming.,mock_user_0,python,10,0,2025-05-23 12:07:11.604006,https://reddit.com/mock_post_0,True,2025-05-23 04:07:11
4,test_integration_001,Integration Test Post,This is a test post for integration testing,test_user,test,10,5,2025-05-23 12:07:11.603752,https://reddit.com/test,False,2025-05-23 04:07:11
3,sample_2,Sample Post 2,This is sample content for post 2,user_2,test,20,4,2025-05-21 11:36:55.377061,https://reddit.com/r/test/comments/sample_2,False,2025-05-23 03:36:55
2,sample_1,Sample Post 1,This is sample content for post 1,user_1,test,10,2,2025-05-22 11:36:55.377055,https://reddit.com/r/test/comments/sample_1,False,2025-05-23 03:36:55
1,sample_0,Sample Post 0,This is sample content for post 0,user_0,test,0,0,2025-05-23 11:36:55.377037,https://reddit.com/r/test/comments/sample_0,True,2025-05-23 03:36:55
